Record Number	Title
1	Supreme Nike SB Dunk High By any Means Red US10 EU44 Supreme Box Logo Air Force
2	New Balance 530 Männer und Frauen Laufschuhe mit Buchstaben N bequeme Laufschuhe
3	♥ MICHAEL KORS Sneaker Gr 39 ♥
4	New Balance ML 574 EGO Turnschuhe grün
5	Nike air jordan 9 og , space jam , hare , bugs bunny , EU 45 / US 11 NEU + RECHNUNG
6	NEU SKECHERS Damen Sneakers Turnschuhe Memory Foam MODA - LAZY SUNDAYS Blau
7	New Balance 550 White Green
8	CAT CATERPILLAR Arise Sneaker Freizeitschuhe Turnschuhe Schuhe Herren Neuheit
9	Adidas NMD R1 STLT PK Primeknit Sneaker Turnschuhe CQ2388 blau Gr . 36 - 42 NEU
10	Damen Sneaker Mesh Sportschuhe Laufschuhe Slip On Turnschuhe Flache Sockenschuhe
11	Art 505 Schuhe Sneaker Sportschuhe Herren
12	C2886 sneaker uomo LANVIN VEGO scarpa nero multi stripes shoe man
13	New Balance 574 Herren-Sneaker Low Leder Retro-Schuhe 2022 ML574TD2 Weiß / Grün
14	Ecco ST. 1 Lite Herren Halbschuhe Schnürer Sneaker Leder 504194-51220 Gr . 44
15	SCHUHE HALBSCHUH SNEAKER HI-TEC LEDER Gr . 43 SCHWARZ GUT
16	WODEN Sneaker NORA II PLATEAU Schwarz WL1750-020 Echtleder Textil Damen
17	Puma Carina L Damen Schuhe Sneaker Turnschuhe 370325 ( Schwarz 01 )
18	adidas Originals CAFLAIRE Herren Sneaker Weiß EE7599 Freizeit Sport Schuhe NEU
19	Gay Used Kroko Sneaker sexy Hot 42
20	Nike Jordan 1 Low ( W ) Marina Blue | Größe 40,5 - 44 | NEU | DC0774-114 | Sneaker
21	NIKE FREE RUN 2 36.5-38 .5 NEU 99 € 5.0 4.0 3.0 rosherun rosheone flex lite kaishi
22	Damen Sportschuhe Laufschuhe Sneaker Stoffschuhe Strick Schnürer Fitness 60860
23	Neu IN Box Neu Herren ASICS Gel-Quantum 360 CM Schuhe 1021A134 .022
24	Herren Damenschuhe Laufschuhe Atmungsaktiv Mesh Running Shoes Sneaker Gr.35-45
25	Nike Air Jordan 5 / V 3Lab5 45 " Metallic " Black / Black-Metallic Silver
26	KEEN Schnürschuh Ridge Flex Mid WP 1024916 magnet / black ( grau ) NEU
27	NEU Puma Ignite Avid EvoKnit Größe 42 Herren Schuhe Sneaker 365392-01 SCHWARZ
28	Puma Speedcat RDL FS Weiß white 375938-01 Herren Schuhe Men Running Sneaker shoe
29	NEU SKECHERS Damen Sneakers Freizeitschuhe ULTRA FLEX 2.0 - LASER FOCUS Blau
30	jenny by ara Glendale
31	Puma Mantra FUSEFIT Herren Outdoor Fitnessschuhe Sneaker 191427 03
32	Original Gucci Sneaker Gr .37,5 / 38
33	Nike Epic React Flyknit 2 Gr .44 M Sneaker schwarz BQ8928 001 Running Schuhe Unis
34	Reebok Classic Royal Glide LX Gr . 43 / US 10 / 28 cm - Artikel # BS7991 black
35	! Supergeiler Adidas Originals Superstar II Sneaker Gr 41 Herren Freizeit Schuhe !
36	Puma Retro Sneaker Echtleder " Smash v2 " puma black - puma black
37	PUMA Ferrari Future Cat Ultra ( 306241-01 ) Rot Mens Sneaker Trainers - NEU OVP
38	Sportschuhe Herren Adidas Terrex Tracerocker GTX Größe 45 10 1/2 Schwarz
39	Legero Damen Sneaker Echtleder NEU - A-Ware
40	BÄR schuhe damen 40 , Schwarz , Modell Arnstein , 1x Getragen , Neupreis 209 €
41	B1974 sneaker donna TOD 'S SPORTIVO YO ALLACCIATA argento / blu shoe woman
42	Onitsuka Tiger Rebilac Runner Herren Freizeit Retro Schuhe Sneaker 1183A396-750
43	Skechers Bounder Herren Schuhe Sneaker Turnschuhe 52504 ( Weiß-WHT )
44	Art 121 Neon Turnschuhe Schuhe Sneaker Sportschuhe Neu Herren
45	Lacoste Lewiston AP SRM dk brown Schuhe / Sneaker Größenauswahl
46	Balerinas Stoffschuhe Retro gr 39 gerne Getragen Sandalen Gebraucht Sammler
47	Skechers Bobs Squad Breeze Way Damen Sneaker | Turnschuh | Sportschuh | Textil -
48	Puma Smash Wns V2 SD Damen Schuhe Sneaker Turnschuhe 365313 10 Leder Soft Foam
49	ROOS RED RAMSES 47070 Erwachsenen Sneaker Turnschuhe Halbschuhe Neu Braun / Blau
50	PUMA Evolution Play Black and White Sneaker Schuhe Männer Neu
51	ORIGINAL ADIDAS GAZELLE J CQ2874 DAMEN SNEAKER TURNSCHUHE FITNESS BURGUNDER
52	Art 872 Übergröße Luftpolster Turnschuhe Schuhe Sneaker Sportschuhe Laufschuhe
53	Herren Laufschuhe Atmungsaktiv Sports Freizeitschuhe Sockenschuhe Gr . 39-44
54	New Balance M1991 XG grey Sneaker Schuhe Made in England grau
55	Herren Sneaker Trekkingschuhe Outdoor Wanderschuhe Freizeitschuhe Schwarz 44
56	Damenschuhe Plateau Halbschuhe Light Slipper Sneaker Turnschuhe Ballerina Mesh
57	Nike Air Zoom SuperRep 2 Herren Trainingsschuhe Schwarz-weiß Gr .42,5 . NEU !
58	NEU Dockers Herrenschuhe Schuhe Sneaker Canvas Halbschuhe Schnürschuhe Freizeit
59	moncler Monaco
60	Reebok Classic Leather 36 37 38 38,5 39 40 BS7898 melted metals princess spirit
61	Converse Chucks Sneaker All Star Taylor High Turnschuh Schuhe Canvas Miley Cyrus
62	Nike Air Max 97 RFT ( GS ) Gr . 36,5 Neu & OVP BQ8437 001 Damen Kinder Sneaker
63	Lico by Sparco Mecha Alltagsschuhe Turnschuhe Sport 36
64	Nike Grandstand II 36 38 40 40,5 41 42 classic blazer Tennis AA2190 100
65	Nike SB Dunk Low Civilist CZ5123-001
66	Adidas München Oktoberfest MIG Sneaker Turnschuhe BY9805 braun Leder 38,5-41 NEU
67	Herren Luftpolster Laufschuhe Jogging Fitness Tennis Workout Bequem Mode Sneaker
68	Skechers Arch-Fit PARADYME Herren Sneaker 232041 BBK schwarz
69	Converse Chucks Taylor All Star Ctas Ox Low Damen Schuhe Sneaker 560648C ( Weiss )
70	Onitsuka Tiger Corsair Gelb Herren Freizeit Retro Schuhe Sport Sneaker
71	Esgano High Sneaker blau jeans Leder used Sohle weiß 0341500 274 Reißverschluß
72	Nike Air Force 1 Herren White Leder & Synthetik Sneaker Mode
73	adidas Continental 80 38 38,5 39 42,5 43 B41673 80 's sTaN sMiTh rOd LaveR LeNdl
74	Herren Damen Laufschuhe Profilsohle Sportschuhe Schnürer Fitness 810679 Schuhe
75	Hackett Sneaker , Winfield , Gr .40 , Neu
76	TOP NIKE AIR MAX PLUS NIC QS Gr .43 " MULTI COLOR " AO5117 100 * NEU * WM 2018 * RUSSIA
77	NEU Converse CT All Star Selene Monochrome Leather Women Gr . 39 Chuck Taylor
78	ASICS HERREN TURNSCHUHE FREIZEITSCHUHE SNEAKER ART . GEL-LYTE III H5E3L
79	Kappa Sneaker Unisex Turnschuh 242765 schwarz
80	New Balance ML 574 EGK Classic Sneaker Herren Schuhe schwarz
81	Vans SK8-HI Slim ( Della ) batik / red Sneaker / Schuhe QG3AWF rot
82	DANIEL HECHTER Herrenschuhe Slipper Mokassins Echtleder braun cognac NEU
83	Art 850 Turnschuhe Schuhe Sneaker Sportschuhe Luftpolstersohle Herren
84	Sportschuhe Sneaker Turnschuhe Laufschuhe Herrenschuhe Freizeit Schnürer 62156
85	Adidas EZ QT MID Ladies Trainers Echtleder schwarz / weiss Neu !
86	Damen schuhe MBT 35 sneakers grau textil dynamic AB390-35
87	Herren Sneaker Sportschuhe Turnschuhe Laufschuhe Freizeit Schwarz Blau 17159
88	NIKE Air MAX DARWIN 360 90 95 97 Neu Gr :43 US :9,5 White Weiß Sneaker jordan kobe
89	New Balance WL393RG1 grau / hellblau , Damen Sneaker , NEU im Karton
90	PUMA DRIFT CAT 5 BMW NM Herrenschuhe Sneaker Turnschuhe Halbschuhe 42,5 44,5
91	Nike Air Force 1 Pixel White ( W ) Weiß NEU Sneaker Schuhe CK6649-100
92	Herren Sneaker Outdoor Trekkingschuhe Wanderschuhe Schnürer 145380
93	Emerica Wino Cruiser black white green Sneaker Schuhe schwarz
94	K-Swiss Court Palisades Herren Schuhe Sneaker Turnschuhe 06931 ( Weiß 171 )
95	Lacoste Carnaby EVO 118 Damen Sneaker Weiß 7-35SPW0013216 Freizeit Schuhe NEU
96	Asics Damen Gel-Kinsei OG Turnschuhe Laufschuhe Sneaker Weiß Sport
97	Asics GEL LYTE V GS H70TQ 0101 Weiß Schuhe Laufschuhe Sneaker H70TQ0101 Neu !
98	ARKK Copenhagen Damensneaker - 60 % unter UVP
99	Damen Sneaker Freizeitschuhe Footflexx Komfortschuhe G-Weite 37 38 39 40 41 NEU
100	Nike Air Max Huarache Blau Türkis SONDERMODELL , EU 38,5 , * wie neu *
101	Puma SF Future Cat Ultra Ferrari Jungen Sneaker Freizeitschuhe Gr : wählbar neu o
102	Adidas Ultra Boost 20 Herren Sneaker Laufschuhe Turnschuhe schwarz FV8329 NEU
103	Nike Air Max White Turquoise EU Größe 46 - Sammlerstücke Used Gay Sniff
104	Adidas Originals ZX 8000 Leder 2011 EUR 43 1/3 US 9,5 UK 9 SCHWARZ NEU ECHT
105	Herrenschuhe Damen Running Sportschuhe Turnschuhe Freizeitschuhe Laufschuhe Gr46
106	NEU SKECHERS Damen Sneakers Turnschuhe Walking Slip On YOU DEFINE Grau
107	Womens Men Adidas Courtvantage PK Primeknit Neu Superstar Gr :39 1/3 S80431
108	NEU Nike WMNS Free 5.0 TR Fit 5 Print Gr 38 Laufschuhe Running 704695-010
109	Nike Revolution 5 ( GS ) Kinder Damen Sneaker Laufschuhe Schuhe BQ5671 020 Gr . 38
110	ADIDAS GALAXY 5 Herrenschuhe Turnschuhe Laufschuhe Running Sneaker Sportschuhe
111	Herren Weiß Running Sneaker Sportschuhe Turnschuhe Freizeitschuhe Laufschuhe
112	Adidas Originals U_Path Run Schuhe Sneaker Herren Damen G27639 Schwarz
113	Nike Air Command Force Billy Hoyle 2014 90 bw og vintage dunk 1 sb tn jordan 90
114	Globe Tilt Herren-Skateschuhe Sneaker Skaterschuhe Sportschuhe Schuhe
115	Fila DISRUPTOR II Damen-Sportschuhe [ 002 125 ] Neu
116	Adidas Q22919 ADI Lago Low Leder Herren Schuhe Sport Running Sneaker 47 48 Black
117	Nike Sneaker Revolution blau Herrensneaker Schuhe Herren 819300 402
118	Nike Air Max AP Sneaker Schuhe Sportschuhe Herren Schwarz CU4826 002
119	asics Gel - Venture 8 1011A824-004
120	Palladium Slim Snaps black / off white Schuhe / Sneaker schwarz Größenauswahl !
121	Damen Sportschuhe Puma Carina Lift [ 373031 06 ] Sneaker NEU Leder
122	Damen Plateau Sneaker Keilabsatz Schnürer Profil-Sohle Schuhe 836214 Trendy Neu
123	Only Damen Schuhe Sneaker Turnschuhe weiß Sportschuhe Freizeitschuhe onlSHILO
124	Asics Gel-Lyte V 5 Sneaker Turnschuhe Sportschuhe Freizeit Schuhe HL7W1-3131
125	Nike Air Max LTD 3 Gr . wählbar Neu & OVP 687977 111
126	Brütting Turnschuh schwarz / grau & weiss / blau Klettverschluss Damen Herren Halle
127	Schuhe Turnschuh Gr . 40 Rot Schnürschuh Leicht Top Damen Herren Stoff @ Snaker
128	adidas Run 80s Sneaker Herren - beige / lila
129	Timberland Chukka Bayham Leder Herrensneaker ( A19DA ) Grau Gr : wählbar in Karton
130	Adidas Originals NMD R1 Gr . 45,5 / US 11 / 29 cm Artikel # BD7745 black schwarz
131	Adidas Terrex Eastrail GTX Gore-tex wasserabweisend Trekking carbon schwarz
132	AF1 Shadow x Black & White handbemalt custom Sneaker personalisiert Schwarz
133	Nike Cortez Classic leather se 47,5 bruin blazer jordan 861535 301
134	adidas Originals X PLR Herren Sneaker Blau AH2357 Sport Fitness Freizeit Schuhe
135	SKECHERS " DYNAMIGHT 2.0 " DAMEN SCHUHE SNEAKER SCHNÜRER SCHWARZ GR . 38 NEU
136	Herren Schuhe Freizeit Laufenschuhe Mode Rutschfest Sport Running Sneaker Gym
137	adidas Originals Superstar 80s BZ0650 Turnschuhe Summer Beach Adilette Palme Eis
138	Skechers D Lites Fan Love Damen Sneaker 13140-GYPK Grau Sportschuhe Schuhe NEU
139	adidas CC 1 Clima CooL 39 40 42 43 44 cOnSorTium zX BA8573 cc1 support
140	Skechers Gowalk4 Damen Slipper Schuhe Sneaker Turnschuhe 14148 ( Schwarz-BKW )
141	Adidas Herren Hallenschuhe ACE 15.1 BOOST 46 2/3 schwarz-gelb NEU B25500
142	Nike W Air Max 720 AR9293-001 Metallic Silver / Midnight Navy Schuhe Sneaker
143	Asics Gel Lyte 3 Herren Sportschuhe Sneaker EUR 47 21-A-3092
144	KEDS DAMEN SCHUHE SCOUT CHAKKA BOOTS OLIVE GRÜN GREEN WF60609
145	Adidas Tubular Runner Baby Schuhe pink - Fahion Sneaker für die ganz Kleinen
146	Herrenschuhe Adidas Porsche Design S 2 Schwarz Silber Größe 9,5 heiss
147	Ecco Biom 2.0 GTX Herren Halbschuhe Schnürer Schuhe Sneaker 800664-51052
148	Adidas Porsche Design Travel Tourer Sneaker Turnschuhe Schuhe BB5541 NEU Gr . 42
149	ORIGINAL ADIDAS VS PACE FY8579 HERREN TURNSCHUHE LAUFEN FITNESS SPORT SCHWARZ
150	2022 New Balance 574 Schuhe Damen Freizeit Running Sneaker Schuhe neu
151	Nike Jordan 1 Low Bred Toe | Sneaker | Limited | 43 NEU !
152	Salomon ALPHACROSS GTX W - GORE-TEX - 408056 Trail-Running Schuhe Wanderschuhe
153	adidas x NASA - NMD R1 Spectoo - FX6819 Sneaker Schwarz Freizeit Sport Schuhe
154	adidas ULTRABOOST CC_1 DNA Turnschuhe Sneaker FZ2545 White Weiß Herren Originals
155	Lacoste Chaymon BL 1 Sneaker Schuhe Herren Dunkelblau 37CMA0094 092
156	BULLBOXER Herren Sneaker Schnürschuhe Freizeitschuhe Boots Schuhe Leder braun
157	Nike Air Max Zephyr ( CN8511 001 )
158	892817 Flache Damen Herren Sneakers Low Stoffschuhe Schnürer Viele Farben Mode
159	Fila Orbit F Low Damen Sneaker | Turnschuh | Sportschuh | Leder - NEU
160	HERREN ASICS GEL HUNTER 3 TRAININGSSCHUH SPORTSCHUH BLAU GELB R507Y 41,5 NEU
161	Damen Sneaker Wedges Schnürer Keilabsatz Plateau Stoff 836273 Schuhe
162	UNDER ARMOUR Charged Commit TR 3 3023703-103 Trainingschuhe Turnschuhe Herren
163	Puma Herren Axis Laufschuhe Sportschuhe Turnschuhe Sneaker
164	Turnschuh gr .41 herren von criss cross
165	HERREN SCHUHE SNEAKERS NEW BALANCE [ CM996SHD ]
166	PUMA Tsugi Jun Cubism EU 42,5 US 9,5 Laufschuhe 365490-02 Schwarz Low Tops
167	Adidas Tubular Runner weinrot weiß Herren Mid-Cut Sneakers Freizeitschuhe NEU
168	NEU TAMARIS Damenschuhe Schuhe Plateau Sneaker Halbschuhe Lederschuhe Schnürer
169	VITAFORM Damen-Sneaker Nappa & Stretch buntes Stretchband Haifischsohle
170	Levi 's Herren Sneaker Declan 2.0 Schuhe Männer Turnschuhe schwarz
171	Adidas Solar Glide 19 M Herren Laufschuhe Sneaker Turnschuhe schwarz G28062 NEU
172	NIKE FREE 4.0 V3 SNEAKER LAUFSCHUHE SCHUHE FLYKNIT FLYWIRE PRESTO 38 39 SELTEN
173	JEPARA Men 's Laufen Jogging Walking Freizeit Laufschuhe Sportschuhe
174	LI-NING C324 - Turnschuhe / Laufschuhe / Sportschuhe - Größe : EUR 37 / UK 4 NEU
175	Merrell Vapor Glove 4 Herren Barefoot Schuhe J50403 Barfußschuhe Grau NEU
176	Damen Herren Sneakers Low Cut Canvas Schuhe Basic Schnürer 811545 Trendy Neu
177	Schuhe Herren Brown Lacoste Chaymon [ 094DB2 ] Leder
178	Lyle & Scott Mitchell White Textile Lace Up Mens Trainers FW1008 626
179	Puma R78 Unisex Sneaker Low Top Turnschuhe 373117 Palace Blue Puma Black
180	Timberland Davis Square Gr . 36 Neu & OVP OA283N Kinder Damen Stiefel
181	COLUMBIA Facet 30 Outdry BM1821010 Wasserdichte Wanderschuhe Turnschuhe Herren
182	Columbia Herren Verstellbar Sport Sandalen Grippy Riemen Wandern Wasser Größen 9
183	Fila Herren Mastermind Heritage Komfort Schuhe Turnschuhe Sneaker Schnürung Weiß
184	REEBOK CLUB C 85 white royal gum AR0459 NEU
185	Ecco MX Gore-Tex Herren Halbschuhe Schnürer Schuhe Sneaker Leder 820194 51647
186	Puma Carina Lift Damen Schuhe Sneaker Turnschuhe 373031
187	New Balance SMF 200 BY
188	Skechers Sneaker Med Graceful - Get Connected - Lavendel Polyester Normal Damen
189	Adidas Bed JW Ford x Kamanda BF Sneaker Turnschuhe schwarz EF3830 Gr 38 - 44 NEU
190	Skechers O-T-G Womens Boots ON-THE-GO JOY AGLOW Sneakers Damen Braun
191	Clarks Originals Trigenic Evo Suede Textile Sports Lace-Up Herren Trainer
192	Brütting Performance V , Kinder / Damenschuhe Sportschuhe Klett , Gr . 36
193	Nike Air Jordan Why Not Zero .2 Black White Gold Größe 41 schwarz AO6219 001 Zero
194	HERMÈS SNEAKERS BRIDES DE GALA IN SCHWARZ
195	Redskins UPWARDAN beige / blau Herrensneaker Freizeitschuhe Glattleder NEU
196	Vivobarefoot Damen Trainer Primus Trail Swimrun FG Otillo Cool Mesh
197	Superga 2750 Efglu Herren White Gum Sneaker Mode - 9 UK
198	ELEMENT DONNELLY WALNUT PREMIUM HIKING BOOTS WANDERSCHUHE TREKKING STIEFEL
199	Art 661 Neon LUFTPOLSTER Turnschuhe Schuhe Sneaker Sportschuhe Damen
200	Rieker Damen Sneaker Lederimitat Laufsohle flexibel Lederinnensohle Schnürung
201	Porsche Design Adidas Herren Schuhe PDS Ultra Boost TRA EU 42 2/3 UK 8.5 US 9
202	New Balance ML574PR2 Herren Sneaker Grau Wildleder Freizeitschuhe
203	Adidas x Kanye West Yeezy Boost 350 V2 GLOW-IN-THE-DARK Schuhe Sneakers 42.5
204	Converse Chuck Taylor All Star Sneaker Schuhe CTAS Move Hi Obsidian 570261C
205	Art 652 Sneaker Schuhe Skater Schnürer Boots Neu Damen
206	Nike Air Max 270 Damenschuhe Neu Gr . 35,5 Special Edition ( AH6789-602 )
207	asics gel lyte III NS 41 42 42,5 43,5 44 44,5 47 H715N-0205 sAgA gT V H715N-0205
208	Adidas NEO Daily Team Herren Freizeitschuhe dunkelblau / orange Sneakers NEU
209	CATERPILLAR Apa Leder Sneaker Freizeitschuhe Turnschuhe Schuhe Herren Neuheit
210	Air Jordan 11 CMFT Low Herren Sneaker DO0613-007 Sport Basketball Schuhe Schwarz
211	Adidas Ventania Herren Laufschuhe Männer Running Sneaker Shoes FX7351 schwarz
212	Fila Schuhe Sommerschuhe Sneaker Ballerina Damen Lila Gr . 40
213	Skechers Sport Womens SUMMITS Sneakers Women Grau
214	Fila Sportschuhe 39 Neon orange Sommer guter Zustand Sneaker
215	asics Patriot 12 1011A823-415
216	KAMO-GUTSU SCHUHE GELB SNEAKER ART . TIFO 030 GIALLO COMBI ECHTLEDER ORGINAL
217	Schuhe Skechers Arch Fit - Big Appeal 149057-BBK - 9W
218	Art 415 Neon Turnschuhe Federsohle Schuhe Sneaker Sportschuhe Neu Herren
219	Damen Herren Sneakers Sportschuhe Freizeit Schuhe Schnürer 77202 Trendy Neu
220	SALOMON Supercross W V0 HERREN SPORT SCHUHE EU 42 RUNNING FITNESS GYM VIP TRAIL
221	Adidas Superstar black blue Sneaker Schuhe schwarz AQ8335
222	Damen Laufenschuhe Freizeit Sportschuhe Gemütlich Atmungsaktiv Running Sneaker
223	PUMA Smash v2 Buck Sneaker Freizeitschuhe Sportschuhe Lifesytle 365160
224	adidas Advantage Weiss Blau
225	Williot Herren Sneaker Kowalski Royal 111
226	Skechers Sneaker Low Go Walk Evolution Ultra Enhance - Charcoal / Hellblau Texti
227	Übergröße Herren Sneaker Turnschuhe Sportschuhe Klett 20481 Schwarz Dk . Grau
228	Neu adidas Strutter Herren Sneaker Sportschuhe Turnschuhe Freizeit FY8162
229	Nike Air Jordan 7 Miro OC EU41 US8 UK7 Olympic Barcelona DEADSTOCK !!! LIMITED !!!
230	Neu original Damenschuhe Fila Jagger wmn 1011103-1FG Sneaker Turnschuhe
231	New Balance 574 Herren Wildleder Blau Turnschuhe EU GraBe 40 - 47
232	FILA Sneaker , Woman , Farbe : Weiß / White , Size : EU :40 US :8.0 UK :6.5 , guter Zusta
233	2022 Jordan4 Purple Metallic Lässige Laufschuhe Basketball Turnschuhe CT8527-114
234	Puma Roma Mercedes Benz Amg Petronas Motorsport . Gr . EU44 - UK9 ,5 . NEU 1 . Wahl
235	Converse Chuck Taylor All Star Point Star OX Damen Schuhe Sneaker Turnschuhe
236	Nike SB Check Solarsoft Gr . 44,5 / US 10,5 / 28,5 cm Nike # 843895-003 black
237	Adidas Ultraboost DNA X Real Madrid Laufschuhe Sneaker Schuhe Blau Herren FZ3623
238	Nike Court Vision Low Herren Sneaker Braun CD5463-200 Sport Freizeit Schuhe NEU
239	Adidas NMD R1 Sneaker Herren Freizeitschuh Boost Triple Black FV9015
240	adidas Superstar Pure Herren Black White Sneaker Klassisch - 8 UK
241	Salomon X Scream GTX GoreTex Schuhe Outdoor Shohe Women Frauen Citytrail
242	Nike Air Jordan 4 Retro IV Premium EU 45 / US 11 / UK 10 alias PonyHair .
243	Nike Air Max 93 Watermelon 306551 105 UK_12 US_13 Eur 47.5
244	Damen Schuhe Sneaker Blau Low Turn Sportschuhe Ballerina Freizeitschuhe
245	New Balance Sportschuhe [ MRL247DM ]
246	adidas Daily 3.0 Herren Sneaker Turnschuhe Sportschuhe FW7439
247	Jack Wolfskin Wanderschuhe Force Striker Texapore low Trekkingschuhe Outdoor
248	Converse Chuck Taylor All Star Hi GTX Gore-Tex Unisex Sneaker 165941c
249	Nike Herren Sport Fitness Laufschuhe Odyssey React FLYKNIT Schuhe 44,5 / 28,5 cm
250	NIKE HERREN TURNSCHUHE FREIZEITSCHUHE SNEAKER ART . NIKE ROSHE ONE 511881
251	New Balance ML373WR2 Herren Sneaker Freizeitschuhe Sportschuhe
252	ONITSUKA TIGER Herren New York Joggingschuhe Sneaker WeiÃŸ
253	Vintage Adidas Marathon 80 UK 7.5 US 8.5 EU 41 1/3 Made in West Germany Bayer
254	Puma RSX trophy
255	Josef Seibel Sneaker Damen weiß Gr.36-44 SINA 65 Sportschuh
256	New Balance Classics ML 574 HX2 Herren Schuhe Grau-Weiß Freizeit Sport Schuhe
257	FILA Sneakers Damen Freizeitschuhe Turnschuhe Gr . DE 40 kein Etikett ... # 1b19aa5
258	Skechers Bobs Sportschuhe Damen Trainingsschuhe Sneaker Weiß Freizeit
259	Skechers Herren Bogen Passform - Banlin Schuhe IN Marineblau
260	Neu Fila Disruptor II Monomesh Türkis Schuhe Mehrfarbig
261	892845 Sportliche Damen Sneakers Low Freizeit Turnschuhe Schuhe Mode
262	adidas Yeezy 450 Cinder - EU 42 - 42 2/3 - 44 - NEU
263	Puma Leader VT Tech Herren Schuhe Sneaker Turnschuhe Freizeit 194531
264	Adidas S76368 ZX FLUX ADV ASYM PK Schuhe Freizeit Sneaker Sport Boots 47 49 Schw
265	Damen Schuhe Sneaker Weiß Silber Schwarz Plateau
266	DC Shoes Tonik Herren Sneaker | Turnschuh | Sportschuh | Leder - NEU
267	Giesswein Herren Schnuerschuhe Wool Cross X Men Gr . 43 Blau
268	Rieker Herren Sommer Schuhe Slipper Sneaker Gr . 44 Antistress braun und oliv
269	Damenschuhe Slipper Slip-On Sneaker Halbschuhe Schlupfschuhe Hellgrau 62982
270	Nike Air Force 1 Low '07 White Weiß NEU Sneaker Herren CW2288-111
271	MEINDL ® Sportschuhe Outdoor Manila Lady GTX ® Einzelpaar Preis ( M19 )
272	GEOX Sneaker Med Spherica A - Knitted Textil - Rot Textil Normal Damen
273	Converse Chuck Taylor All Star OX Damen-Sneaker Turnschuhe Halbschuhe Chucks
274	Levi ' s Herren Schuhe Schnürboots Herrenschuhe Boots High Top Sneakers Alpine
275	Onitsuka Tiger Serrano Damen Breeze White Schuhe Sneaker Rosa Blau Weiß
276	Adidas Springblade Solyce Laufschuhe Sneaker Turnschuhe Schuhe AQ5241 Gr . 40 NEU
277	Criss Cross Damen Sneaker Turnschuhe Halbschuhe Comfortschuhe Braun Gr . 39 ( UK6 )
278	Sportliche Damen Sneakers Low Turnschuhe Flats Schnürer 78509 Retro Schuhe
279	Rieker Herren Schnürschuhe Sneaker Sneakers Sportschuhe blau NEU
280	FILA Unisex Sportschuhe Laufschuhe Freizeitschuhe Sneaker Gr 41 Lila Orange Neon
281	New Balance ML574ET2
282	Lacoste Giron 116 1 SPM white Schuhe / Sneaker weiß
283	Fila Sneaker Sport Schuhe - weiß-Gr .40 Nr.T-01208
284	Nike Air Max Plus TN EUR GR .43 Multicolor Neue Herrenschuhe Turnschuhe 39-44
285	NEU Damen Herren Atmungsaktiv Sportschuhe Sneakers Turnschuhe Runners Schuhe
286	Neu SALAMANDER Avato Komfort-Halbschuhe 10265423 für Herren cognac
287	Asics Damen Nordic Walking Hiking Wander Trekking Schuhe Mission Q851Y Schwarz
288	SKECHERS Damen-Slipper Go Walk Joy Textil GoGa Mat Technologie
289	Damen Plateau Sneakers Sportschuhe 90 's Style 73105 Schuhe
290	REEBOK AZTEC OG black white scarlet red Q47273 NEU
291	NEU HERREN SCHUHE SNEAKER FREIZEITSCHUHE LAUFSCHUHE GR . 47-49
292	Art 341 Neon Turnschuhe Schuhe Sneaker Sportschuhe Neu UNISEX
293	NEU SKECHERS Damen Sneakers Walking Schuh Memory Foam GO WALK STARLIGHT Schwarz
294	Skechers Summits Herren Sneaker | Turnschuh | Sportschuh - NEU
295	Reebok Classic FURYLITE V69439 Größe 44,5 Farbe ECHO BLUE / BLACK / STEEL / WHT
296	Skechers Summits-Forton Herren Schuhe Sneaker Turnschuhe 52813 ( Schwarz-BKW )
297	Herren Damen Sneaker Sportschuhe Turnschuhe Klettverschluss Schwarz Grün 61185
298	ADIDAS ORIGINALS ZX 750 Herren Turnschuhe Königsblau UK Größen 7 Sich 12
299	ADIDAS Yeezy Boost 350 V2 Black Core Red Gr . 42 Brandneu mit Karton OVP Original
300	Skechers Men USA PARTON WILCON Sneakers Herren Schuhe Schwarz
301	Timberland Delphiville Damen Sneakers / Turnschuhe 37,5 Tb0a1y7j040 SilberGrau Neu
302	Asics Gel GT-2000 7 Damen Lauf.-Joggingschuhe Running Sport , 1012A147-400 / N2
303	Frauen Laufschuhe Sneaker Mode Casual Turnschuhe Running Rutschfest Sportschuhe
304	Dockers by Gerli Herren Sneakers Halbschuhe Freizeitschuhe sportliche Halbschuhe
305	Converse Chuck STAR PLAYER LEATHER OX Größe 40 Black Fatigue Green Red Block
306	adidas Predator Mutator 20.1 Low SG Fußballschuhe Rasen Premium ( EG1603 ) NEU
307	Skechers Sport Herren ARCH FIT Sneakers Men Beige
308	Nike Schuhe Herren 42,5
309	asics Gel Quantum 360 6 1021A471-020
310	adidas Skyline Mid Star Wars Coruscant Sneaker Schuhe G41818
311	Jordan 4 Retro Travis Scott Cactus Jack - 308497-406 - US9 .5 / EU43 Deadstock
312	On Running Cloud 19.0000 Black White Men Sneaker Turnschuhe Herrenschuhe Sport
313	Timberland Ballard Gr 41 US 9,5 mit 2 cm integriertem Absatz Damen Schuhe 8336R
314	Reebok Workout Suede Trainers V69720 Teal / Gum Sole UK7 / US8 / EU40 .5
315	Nike Air Max 270 Herren Sneaker Weiß DD7120-100 Sport Freizeit Schuhe Turnschuhe
316	Adidas Originals JEANS Turnschuhe Neu Farbe Herren UK Größen
317	adidas spezial königsblau grün UK 11
318	Adidas ZX 8000 National Park Foundation Yellowstone FY5168
319	NEU SCHUHE PUMA RESPIN SL SNEAKER SCHUHE Herrenschuhe
320	Ecco Schuhe MX schwarz Herrenschuhe sportliche Halbschuhe 82018402001 NEU
321	Nike Air Jordan 1 Retro High Pollen Sneaker 555088-701 NEU Herren Damen Schuhe
322	Neon Turnschuhe Schuhe Sneaker Boots Sportschuhe Herren 096
323	CONVERSE CHUCKS ALL STAR CTAS 70 HI EU 46.5 UK 12 schwarz blitze Fell 163788C
324	Ash Platform Sneaker 38 Schwarz
325	Puma Schuhe Axelion Rip Outdoor Laufschuhe Fitnessschuhe SoftFoam + Sohle Herren
326	Globe Sabre Skateschuh Herren schwarz / blau
327	Puma TARRENZ SB Outdoorschuhe Hohe Sneaker 370551 Schwarz
328	NIKE Air Footscape NM 41 42 43 44 45 46 852629 500 huarache rift presto chukka
329	Adidas Runfalcon Herren Schuhe Sneaker Turnschuhe Freizeitschuhe Sportschuhe
330	Adidas STRUTTER Herren Schwarz Echtleder Sneaker Sportschuhe Sneaker EG2656
331	Skechers Flex Appeal 3.0 Fan Craze Damen Sneaker Grau 149008-GYMT Sport Schuhe
332	ADIDAS ORIGINALS GAZELLE SNEAKERS POWER RED / WHITE / GOLD METALLIC BB5486
333	Damen Sneaker Wedges Keilabsatz Glitzer Turnschuhe Schnürer 822788 Schuhe
334	Kastinger Trailrunner Damen Herren Wanderschuh in Schwarz / Lime
335	PUMA RS-Z Outline Sneakers Unisex Schuhe Neu
336	Birkenstock Linz ESD Herren Arbeitsschuhe | Sicherheitsschuh | Naturleder - NEU
337	Ecco BIOM Fjuel Herren Sneaker 857534-11543
338	NEU HERREN SPORTSCHUHE LAUFSCHUHE FREIZEITSCHUHE SNEAKER GR . 41-46
339	AIR JORDAN 1 RETRO HIGH DMP " BULLS CELTICS PACK " RELEASE 2009
340	Herren Damen Turnschuhe weiße Sneaker Sportlaufschuhe Outdoorschuhe MQ NEU DE
341	adidas Originals Stan Smith Sneaker Gold Metallic FW5364 Freizeit Schuhe NEU
342	Converse Chuck Taylor All Star Hi Herren-Lederschuhe Sneaker Hi-Top Schuhe
343	Adidas Crazy Chaos Herren Cloudfoam Turnschuhe UK 9 US 9.5 Eu 43.5 Ref .2568 cm
344	asics Gel Luminus 3 Herren Men Laufschuhe Running Sample Gr . 42,5 US 9
345	NEW BALANCE 990 HERRENSNEAKER MADE IN USA GR :43 NEU !!!
346	Globe Dover II Black / Wasted Talent
347	Buffalo Herren Schuhe Sneaker 5050-12833 Oil Nubuck Lea Grey 01 grau
348	Unisex Alles Schwarz 2022Vans Old Skool Sneaker Skate viele Farben Gr.35-45
349	NIKE FREE 5.0 Damen Sport Schuhe Laufschuhe Fitness Jogging Gr .38
350	Sport Tanzschuhe Damen Athletik Turnschuhe Outdoor Atmungsaktiv Sneaker 34-41 B
351	Converse Chuck All Star Player OX Größe 45 Natural Navy White Model 156620C Neu
352	Adidas VL Court 2.0 Sneaker Sportschuh Leder blau Gr 45 1/3 ( Neu & OVP ) FV4364
353	Herren Sport Schuhe Audi RS Bestickt Shoes Motor Sport Gr . 40-45 , Sneakers
354	New Balance Damen Schuhe Sneaker Turnschuhe Freizeitschuhe WL574EN ( Blau )
355	adidas NMD XR1 Originals Primeknit " Zebra " Sneaker Runner Boost BB2911
356	NIKE Air Jordan Retro 10 Neu Pure Platinum Gr :40 US :7 retro kobe premium shoes
357	New Balance 373 Unisex Athletik Turnschuhe In Jeder Farbe EU Grobe 36 - 48
358	Geox Damen Sneaker Sukie D04F2A 00085 C1000 Weiß Gr .37
359	Asics - Gel-Nandi 360 White / Marigold Orange Sneaker Sportschuhe
360	adidas Glenbuck SPZL 40 41 42 43 44 45 46 DA8758 80 's Spezial nEw yOrK sL
361	Nike Air Jordan 4 Retro Lightning 44 US 10 NEU
362	Hummel 63511 6453 Slimmer Stadil High Olive Night grün MID Canvas NEU SALE
363	Herren Sportschuhe Sneaker Turnschuhe Schuhe Runners Gr .41 - 46 Art.-Nr . 1998
364	Puma Mantra FUSEFIT Herren Schuhe Sneaker Running Fitness Turnschuhe 191427 03
365	Nike Dunk Low Off-White University Red USED COND :9 / 10 SIZE : US10 ,5 / EU44 ,5 / UK9 ,5
366	Reebok Royal Mid SE brass / black / chalk Sneaker / Schuhe
367	Original Nike Tanjun Gr . 41 / US 8 / 26 cm - Nike # 812654-011 black white
368	EU Größe 44 - adidas Yeezy Boost 350 V2 mit Karton + Rechnung
369	High Top Sneaker Gr.36-41 Neu Turnschuhe Freizeit Schuhe Halbschuhe Knöchel 2549
370	Adidas Grand Court Base EE7901 Herren Sportschuhe Sneaker
371	Waldläufer Damen Sneaker SUN Größe 38 38,5 39 923011 148 209 Leder lose Einlage
372	Dockers Damen Schuhe Sneaker Turnschuhe 42BM218-610 ( hellblau 610 )
373	Nike Air Jordan 3 Retro 136064120 Herren Basketball Schuhe Gr . 45 / 11 *
374	Nike Air Jordan 1 Mid Light Smoke Grey ( W ) | BQ6472-015 | Neu inkl . Box
375	Adidas NMD CS1 PK Primeknit Sneaker Turnschuhe AC8597 blau Gr . 36,5 - 44,5 NEU
376	Airwalk Barcares Navy Freizeitschuh 289980-61
377	Adidas Top Ten " Made in Spain " Vintage Sammler 80er x602
378	ASCIS HERREN TURNSCHUHE FREIZEITSCHUHE SNEAKER GRAU HELLMINZE H6E2N GEL-LYTE EVO
379	Adidas Speedfactory AM4 AM4SH Shanghai CG6785 Sneaker Herren Schuhe Herrenschuhe
380	Keen Damen Sneaker Explore WP 1023457 Dusty Olive Drizzle
381	Puma Trinomic R 698 " PERF Pack " 44.5 Black / White
382	SUPERGA Sneaker Schuhe 2750 COTU CLASSIC Schuh 2021 sunflower Freizeit
383	Herren Sneaker Salomon Speedcross 3 Outdoor Schuhe Laufschuhe
384	LIDL Sneaker Herren Größe 41 - 46 Livergy limitiert Fan Kollektion NEU & OVP
385	MUSTANG SHOES Damen 1313-303-18 Sneaker Halbschuhe Schnürsenkel Weiß Blau
386	PUMA City Rider B&W Sneaker Unisex Schuhe Neu
387	Nike Air Max 1 G grau / schwarz / rot Golfschuhe Größe 46 / 12 Neu mit Karton
388	Onitsuka Tiger Sneaker Herren GSM 1183A515-100 White
389	Sportschuhe Turnschuhe Mehrfarbig Gr 36 37 38 39 40 41 42 43 44
390	Nike Dunk Low Easter 2022 ( W ) verschiedene Größen / NEU | OVP | RECHNUNG
391	Herren Sportschuhe NIKE ULTRABEST REPOSTO MEN 'S 101588 Schwarz
392	Herren Damen High Top Sneakers Sportschuhe Stoffschuhe Freizeit 815564 Schuhe
393	Adidas Fechtschuhe Turnschuhe Trainers Gr ( 7 ) 40,5 70er West-Germany
394	Rieker Damen Sneaker Lederimitat Textil Schnürung leicht flexibel Ziernähte
395	New Balance WL574SLP weiß / gold , Damen Sneaker , NEU im Karton
396	Nike Roshe Two Hi Flyknit Rot WMNS Gr . 38,39,40 NEU Winterstiefel
397	Skechers Sport Womens ARCH FIT BIG APPEAL Sneakers Women Grau
398	Etnies - Fader Sneaker Herren Skate Brown Black Grey Dirty Wash Skateschuh
399	ANDREA CONTI DAMEN SCHUHE FREIZEITSCHUHE SCHNÜSCHUHE SNEAKER WEISS NEU
400	NEU SKECHERS Herren Sportschuhe Sneakers Turnschuhe ELITE FLEX-FALCONHOLT Weiß
401	Puma VISTA JR Damen Kinder Unisex Sneaker Schuhe Retro 369539 Elderberry
402	Stoff Sportschuhe All Star Chucks Sneaker 39 Sammler Gerne Getragen Liebhaber
403	Wanderschuhe Salomon XA Pro 3D gr 45 1/3
404	Puma Herren X-Ray Sneaker Turnschuh 372602
405	New Balance ML515CT3 Classic Herren Sneaker Sportschuhe NEU
406	KAMO GUTSU Schnürer Leder-Sneaker - Pino-Curcuma - Made in Italy - Neu & OVP !
407	39-47 Herrenschuhe Trekking Sneaker Boots High Top Schnürer Rutschfest Outdoor D
408	PUMA Legende Unisex Speed Cat Speedcat OG Sparco Sneaker Low Top Rot 339844
409	Asics Tiger Hyper Gel Lyte Black Black 1191A011-001 Sneaker Shoes Schuhe Men
410	40-46 Salomon Größe Speedcross 3 Herrenschuhe Sportschuhe Turnschuhe Laufschuhe
411	PUMA X-Ray 2 Square Sneaker Männer Schuhe Basics Neu
412	PUMA x Les Benjamins CELL Ultra Fade OG Alien Sneaker Mode Schuhe mehrfarbig neu
413	Damen Kinder Herren Sneakers High Top Sportschuhe Schnürer 897467 Schuhe
414	Nike Air Shake Ndestrukt / Pigalle AA4315 100 US_9 / 9.5 / 10 EUR_41 / 42/42 .5 / 43/44
415	New Balance PROCTCAB schwarz / grau , Herren Sneaker , NEU im Karton
416	British Knights Dee Damen Sneaker | Turnschuh | Sportschuh - NEU
417	Reebok Classic Leather Damen Sneaker low Turnschuhe Sportschuhe Freizeitschuhe
418	Converse Chuck Hi UK Flag DISTRESSED 135504C - unisex -
419	Asics Gel-Lyte III india ink Schuhe Sneaker Runner Gel Sohle weiß H6X2L 5050
420	Narut0 AKATSUKI Anime Sneaker Freizeitschuhe Sportschuhe Schnürer Schuhe Shoes
421	Adidas Originals Trefoil Shoes Shoes Sneakers Shoe Schuhe SuperCourt BF Herren
422	New Balance Sneaker Damen WL373FT2 Black / White Schwarz
423	Keen Glenhaven Explorer Sneaker Herren Schuhe Halbschuhe Schnürschuhe NEU
424	Levi ' s Damen Sneaker Schuhe Damenschuhe Turnschuhe Damensneaker Leder Mullet
425	FILA Damen Sneaker Schuhe Schnürschuhe Mehrfarbig 1062 Gr.36-40 Neu mit OVP
426	adidas Crazylight Boost Low Herren Sport Schuhe Sneaker Basketball Orange 2014
427	Adidas Damen Sneaker Retrorun EH1859 Running Shoes Freizeit Schuhe Schwarz
428	New Balance Retro 530 Silber SG Paar Laufschuhe Sportschuhe atmungsaktiv Schuh
429	Puma Tsugi Blaze Trapstar Leather Trainers 364713-01 Black / White UK8 / US9 / EU42
430	Fila Sneaker 37 Rot Schuhe Top Zustand
431	New Balance Ganni 2002r EU 43 | US 9,5 Rain Cloud Island Green NEU
432	Nike Air Force 1 Shadow | Pastell Barely Green | 36,5 | Pastell Grün
433	BK British Knights Sneaker Schuhe Atoll grey dk-pink NEU Größe wählbar
434	Nike Downshifter 10 Herren Laufschuhe Sportschuhe Traning CI9981-006
435	892730 Tolle Schnürer Damen Schuhe Sneaker
436	Asics Gel Kayano Schuhe Freizeit Sport Sneaker Unisex Turnschuhe Laufschuhe
437	prada sneaker 38
438	adidas ZX Flux XENO Frozen Yellow ( 2015 ) EU 42 2/3 44 | US 9 10 AQ8212
439	Nike Air Force 1 Low | Rattan Beige Mini Gold Swoosh | Weiß Gold
440	Adidas Ultraboost 3.0 Triple White BA8841 - Gr . 44 2/3 ( UK 10 ) , Weiß / Weiß
441	Adidas NMD_R1 schwarz Damen Low-Top Sneakers Canvas Running Boost PrimeKnit NEU
442	Damen Sportschuhe Slip Ons Strick Sockenschuhe Fitness Sneaker 830008 Schuhe
443	K-Swiss Dani Damen-Sneaker Turnschuhe Freizeitschuhe Halbschuhe Schuhe NEU
444	Puma SF Ferrari Drift Cat 5 Ultra 305921 02 Herren Schuhe Schwarz Sneaker Rot
445	Rennfahrer Herrenschuhe 36-46 Fahrrad Sneaker Athletik Spikes Deckschuhe Fashion
446	Converse Chuck Taylor All Star Damen Sneaker Schuhe CTAS OX 152705C gelb
447	asics gel lyte III 39 37,5 40 H6W7N 4747 sAgA gT II footpatrol IV V cockatoo
448	Nike Air Max 97 German Camo Germany AJ2614204 ( Größe 38-46 )
449	Vans Atwood Herren Sneaker Schnürschuhe Halbschuhe Freizeitschuhe Schuhe blau
450	MERRELL Vapor Glove 3 Luna LTR J97177 Barefoot Sneaker Turnschuhe Schuhe Herren
451	B6792 sneaker uomo DIADORA HERITAGE TRIDENT S SW scarpa grigio / blu shoe man
452	KangaROOS KL-Callao Herren Sneaker Low Halbschuh Sportschuh Freizeitschuh Mesh
453	Tamaris Damen Sneaker low Schnürschuhe Halbschuhe Sportschuhe Lederschuh Schuhe
454	DAMEN HERREN UNISEX SCHUHE SNEAKERS CONVERSE ALL STAR OX [ M5039 ]
455	Marco Tozzi Schnürschuhe Sneakers Halbschuhe weiß 23743 NEU !
456	Converse Chuck Taylor All Star Unisex Sneaker Schuhe Run Hike Smoked 168298C
457	Puma ST Activate Winterschuhe Stiefel Erwachsene dunkelgrün
458	Damen Plateau Sneaker Gefütterte Freizeit Turnschuhe Zipper 832310 Schuhe
459	Skechers Sport Womens FLEX APPEAL 3.0 MOVING FAST Sneakers Women Grau
460	Nike Air Max 90 White / White-New Maroon-Black Gr .42 / 43/45/46
461	Sport Schuhe Sneakers Unisex Nike COURT BOROUGH Haut LOW 2 Schwarz
462	Neu All Star Converse Chucks low Sneaker OX Eyelet 542541c Gr .37 UK 4,5
463	Herren Damen Sneaker Flach Sportschuhe Turnschuhe Atmungsaktiv Schuhe Gr . 39-43
464	Herren Sportschuhe Slip Ons Sportliche Strick Profil-Sohle 838851 Schuhe
465	adidas Terrex Free Hiker Parley W Wanderschuhe Trailrunning Damen ( EF2344 ) NEU
466	New Balance ML850SBC weiß / grau / schwarz , Herren Sneaker , NEU im Karton
467	Asics Onitsuka Tiger Mexico 66 Retro Sneaker Herren Freizeitschuhe D832L-9096
468	Superga Lady Shoes Woman 2790ACOTW LINEA UP AND DOWN Traveling Wedge
469	Schuhe Asics Onitsuka tiger mexico 66 D5V1L D2J4L Mann Frau Kork Mexiko
470	K-Swiss Court Shield Damen Schuhe Sneaker Turnschuhe 96599 ( Schwarz 044 )
471	Puma Unisex Sneaker Caven 380810
472	Damen Schuhe SCARPA Mojito aloe grün Outdoorschuhe Multisport Freizeit
473	Converse C Taylor All Star HIKER BOOTS HI Chuck Sneaker Leder gefüttert 162479C
474	Prada Iconic Cult NEVADA Mens Trainers Sneakers Shoes Schuhe Turnschuhe Neu 43
475	Adidas Questar Gr 46 UK 11 Originals ZX 116748 Cushion 2005 Torsion EQT Support
476	Adidas Originals ZX Flux Techfit Sneaker Damen Schuhe Turnschuhe schwarz S75488
477	Nike Air Max Bolt Herren Sneaker CU4151 002
478	Nike Air Max Command Leder , Sneaker , LTD , Classic , Sportschuhe , 749760 / L3
479	DSTREET Sportschuhe Sneaker Turnschuhe Schwarz Weiß Freizeit Sport Herren 40-44
480	Nike Air Jordan 1 Mid Chicago Toe ( 554724-069 ) neu Größe 44
481	Converse Chuck Taylor All Star Ox 167636C Black / Total Orange / Street Sage
482	adidas 90s Valasion Sneaker Turnschuhe Freizeitschuhe Sport EG2882 Gr . 41 1/3
483	Herren Damenschuhe Turnschuhe Laufschuhe Atmungsaktiv Running Shoes Gr.36-44
484	DC SHOES TONIK 302905 SCHWARZ SKATESCHUHE SNEAKER EU GR . 39 - 46 ( UK GR . 6 - 11 )
485	Herren Atmungsaktive Sneaker Draussen Sport Freizeit Laufen Tennis Schuhe Leicht
486	Puma Axelion LS Herren Sneaker | Turnschuh | Sportschuh | Textil - NEU
487	Gabor Schuhe Freizeitschuhe Sneaker Lederkombination Sport Halbschuhe uni 15420
488	adidas Originals Stan Smith Jelly Damen Sneaker transparent FW9930 Neon Orange
489	adidas Breaknet Sneaker Damen - weiß / pink
490	jordan 1 mid schwarz weiß
491	Art 262 Blue Klett Schuhe Sneaker Sportschuhe Damen Herren
492	ADIDAS SL 80 Sneakers Turnschuhe Old School Schuhe Retro Gr 37 Laufschuhe S15
493	Neu Freyling Ultra Soft Frey-Blast Sneaker Low 17849735 für Herren grau
494	adidas Originals Schuh EQUIPMENT EQT ADV BZ0000 Energy Aqua NEU Gr .38 REDUZIERT !
495	CONVERSE All Star Chucks 70 'S OX SUEDE Leather pumpkin egret 166217C NEU
496	Diadora - Sneakers MI BASKET LOW USED für mann und frau
497	Chekich Sneakers | Herren und Damen Schuhe | Turnschuhe | Sportschuhe
498	Romika Sportschuhe Tennis Master 220 marine Herrenschuhe Übergrößen Blau
499	adidas Puremotion
500	Fila Sneaker , 41 , blau ,
501	New Balance WL574EB
502	Originals Adidas MARATHON Trainer Gr .46,5 Schwarz Retro Vintage RAR Kult 90er
503	Neu Schuhe PUMA SHUFFLE PERF Herren Sneaker Turnschuhe Freizeit Sportschuh TOP
504	adidas Superstar 80s DLX 47 49 B25964 rom cAmPuS sTan smitH forUm dEcadE 80 's
505	New Balance MS009HD1 Sneaker Herren Größe 44
506	Vivobarefoot Gobi II M Gr . 44 schwarz
507	Nike WMNS SHOX ENIGMA Herren Schuhe Turnschuhe ( BQ9001 003 ) Top Deal
508	Lässige Napapijri Sneaker Gr . 39 weiß silber bronze
509	Adidas Lite Racer CLN WMNS Sneaker Halbschuhe Turnschuhe Freizeit Sport Damen
510	Nike crater impact DB 2477001NEU Gr44 Uk9 Us10 Cm28
511	Herrenschuhe Outdoor Athletic Rutschfestes Jogging Gehen Laufen Tennis Sneakers
512	NEU * REEBOK PUMP HEXALITE AEROBIC LITE MID * CASUAL VINTAGE * ZX 8000 * RAP * GR : 42 * NEU
513	Asics " ONITSUKA TIGER " Colorado Eighty Five
514	Damen Plateau Sneaker Keilabsatz Schnürer Profil-Sohle Schuhe 836492 Trendy Neu
515	adidas Originals Superstar CM8081 Leder Turnschuhe Fashion Sneaker Weiß Grün
516	Tommy Jeans Heritage Runner Sneaker Schuhe Herren Weiß EM0EM00397 YBS
517	Geox Schuhe SNAKE 2 blau Herrenschuhe Sneakers U948DA 022FU C4K9M NEU
518	Neu TOMMY JEANS Sneakers Low 10490508 für Damen dunkelblau
519	SALOMON X-SCREAM LT Light Weight Muscle * Gr . 37/38 Gr . 5 * Zip-Verschluss * w.NEU
520	adidas Originals Superstar Sneaker Weiss Schwarz
521	New Balance Pro Court Cup AB Black Grey Herren Schuhe Sneaker Schwarz Grau
522	Louis Vuitton Hi Top Weiß Sneaker Gr . 45
523	Asics Japan S 1193A158-100
524	Puma Streetballer Mid Winter Leder burnt olive Schuhe grün 358798 03
525	Puma Escaper Mesh Sneaker Turnschuhe Sportschuhe Laufschuhe 364307 01 Gr . 37.5
526	Adidas EQT Equipment Support 91/18 Sneaker Turnschuhe Schuhe B37521 Gr . 37 NEU
527	ADIDAS Hard Court / High Top - Gr . 45 - viel getragen - USED - Liebhaberstücke
528	Adidas Originals Superstar Foundation Schuhe Sneaker Unisex B27140 Schwarz
529	K-Swiss Lozan Klub LTH Herren Leder Sneaker Turnschuhe Sport Freizeit Schuhe NEU
530	Puma Amp XT WNs Damen Sneaker Laufschuh Fitness schwarz 191125 05
531	Nike Sneaker Revolution 5 Blau Ozean Textil Mesh BQ3204 012 Schnürung Halbschuh
532	Damen Sport Schuh Netzmuster Sneakers Lack-Optik Halbschuhe Schnürer EVA-Sohle
533	Vans Era 59 Gr . wählbar Neu & OVP 45-20972-8-04
534	Puma Trinomic XS850 X BWGH
535	Nike Air Force 1 Weiß / Schwarz Damenschuh Herrenschuh CT3839-100
536	Skechers Go Walk 3 Revive
537	Skechers Herren Gowalk 5 Apprize Ultra Go Max Laufen / Wanderschuhe Schwarz
538	Adidas Racer Lite Damen Sneaker navy camouflage
539	Puma Shuffle Herren Schuhe Sneaker Turnschuhe 309668 ( Schwarz 04 )
540	Sportliche Damen Sneakers Halbschuhe Turnschuhe Gr .36 - 41 Neu Schwarz A. 613
541	adidas Superstar 80 's 44 44,5 45 46 47 48 49 G61070 campus top ten sTan smitH
542	SPRINGFIELD Sneaker Turn / Laufschuhe rot / grün / blau EUR 38 ; US 7,5 245mm Neu
543	adidas Alphabounce RC W , EQT Racing 91 W , Tubular Doom Primeknit M , EUR 36 - 47 1/3
544	Asics Frequent Trail 1011A034-001
545	Nike Tn / Air Max Plus 3 ltr gr . 42,5 US 9 UK 8 used gebraucht
546	Sneaker Le Coq Sportif Größe :40 -45 Weiß UNISEX Schuhe Sport Straßenschuhe
547	Adidas ZX 8000 Atmos G-SNK 4 , ( Germany ) , EU 45 1/3 , US 11 , BNIBWT , GX7842 , Neu
548	High Top Basketballschuhe Schuhe Sneaker Skater Skaterschuhe Neu Herren 004
549	Tommy Hilfiger Damen Sneaker Schuhe FW0FW02349 weiß Gr . 36 37 38 39 40 41
550	Herren Sneaker Trekkingschuhe Outdoor Wanderschuhe Freizeitschuhe 52656
551	Herren Schuhe adidas TERREX SKYCHASER LT F36101
552	Nike Air Max 270 React W GS Sneaker Damen CT6661-001 Gr 38,5 Silber grau NEU
553	Converse Chucks Plateau Schwarz 560845C Chuck Taylor All Star Lift - HI Black W
554	Damen Skechers Memory Foam Turnschuhe Freizeit Gipfel Schnell Lapse
555	Converse Chucks Low CT AS OX 157667C Schwarz Black
556	SALOMON GORE-TEX Schuhe Gr . 46 2/3 UK 11.5 Sportschuhe Trekking / Wanderschuhe
557	WMNS Nike Air Max Fusion Gr . wählbar Neu & OVP CJ1671 002
558	NEU Skechers Damenschuhe Schuhe Sportschuhe D ´ Lite Sneaker Halbschuhe Schnürer
559	GANT Saint-Bro Herren Sneaker Turnschuhe Sportliche Schnür Halbschuhe Blau Leder
560	Skechers GOrun 600 - Refine Herren Schuhe Sneaker Turnschuhe 55061 ( Grau-CCBL )
561	Nike Air Max Tailwind V x Skepta * Chrome Blue * | EU42 | US8 ,5 | Brandneu
562	Puma Training und Freizeit Vikky Stacked SD Damen schwarz weiß
563	Nike Air VaporMax 2021 FK FlyKnit DH4086-001 Herren Sneaker Schwarz Sport Schuhe
564	NIKE JORDAN ZOOM 92 CK9183 101 SNEAKER HERRENSCHUHE
565	adidas T-MAC Millenium Boost - Tracy McGrady - G26951 Herren Basketballschuhe
566	Puma Speedcat Mid SPARCO Herren Sneaker 306609-02 Motorsport Schuhe Gray NEU
567	ADIDAS Terrex Folgian Hiker GTX , Herren , Schuhe , Trekking , Wandern , FW8688 / M3
568	K-Swiss Surf 'n Turf OG 50TH Men Sneaker Turnschuh weiss Herrenschuh Gr . 41
569	Warm Gefütterte Damen Sneakers Turnschuhe Kunstfell Winter Schuhe 902168 Mode
570	adidas GRAND COURT Turnschuhe Freizeitschuhe Herren GY3625
571	Herren Slip-On Laufen Freizeitschuhe Outdoor-Tennis-Walking-Sport-Turnschuhe
572	Vivobarefoot Jing Jing - Damen Minimalistishe Barfuß Ballerina Laufschuhe
573	Adidas Samba Wales Bonner Sneaker Turnschuhe Schuhe beige FX7720 Gr . 38 2/3 NEU
574	New Balance CM996 Multicolor Herren Sneaker Freizeitschuhe Turnschuhe
575	UGG Highland Damen Sneaker
576	Asics GEL-LYTE III OG Sneaker Herren Lauf Sport Schuhe Turnschuhe Running Gr .45
577	Diesel Laika Persis W Mid Leopard Print Damen Sneaker Trainers Shoes Schuhe
578	Nike Jordan React Havoc Sneaker Schuhe Schwarz Herren AR8815 001
579	Ecco Soft 20 Damen Sneaker 206503-01303
580	adidas James Harden Vol . 1 PK Primeknit Herren Basketballschuh AP9840 Sportschuh
581	adidas Originals Yung-1 Sneaker Damen Herren Schuhe Turnschuhe B37616 weiß neu
582	MUSTANG Herren Schnürer High-Top-Sneaker 4095-602-820 C28
583	adidas Originals Tubular Doom Mid Schuhe Herren Sneaker BY3553 Winter Weiss
584	RIEKER Schuhe Schnürschuh 52540-14 blau NEU
585	Adidas Superstar sneakers Schuh e weiss schwarz Gr . 36 38 42 43 44 45 46 48 49
586	Air Jordan 1 Mid Herren Sneaker Rot Leder Freizeitschuhe Sportschuhe
587	Converse Chucks All Star OX Größe 40 MAROON WEINROT M9691C NEU TOP
588	Skechers OG 85 Damen Sneaker Schnürschuh Beige 111-TPE
589	Converse Hello Kitty Sanrio Chuck Taylor All Star Hi 164629C Turnschuhe Chucks
590	ASICS x DISNEY Gel Lyte III " Beauty And The Beast " US 7.5 / EUR 39 / NEU OVP
591	SKECHERS , Equalizer Sneaker , Herrenschuh Sportschuh , SONDERPREIS , Gr . 40
592	Herren Sneaker Sportschuhe Turnschuhe Laufschuhe Schnürschuhe Running Boots DE
593	Nike Waffle Racer Gr . wählbar Neu & OVP CN8116 800 322R
594	Air Jordan 4s military blue Herren Größe 43 ( * neu mit Karton ) UK 8.5 US 9.5
595	NEU SKECHERS Damen Sneakers YOU RADIATE
596	Lacoste Straightset INSULAC3181CAM Herren Sneaker Schuhe Leather / Textile braun
597	NEU SKECHERS Damen Sneakers Kaltwetterstiefel Boots ON-THE-GO JOY LUSH Braun
598	ADIDAS ORIGINALS ZX 8000 ( EF4364 ) Sneaker Trainers Grau Weiß - NEU
599	adidas Cloudfoam ChazyChaos Sneaker EF1054 weiß-grau EU 42 2/3 UK 8,5
600	Herren Sportschuhe Sneaker Turnschuhe Laufschuhe Freizeitschuhe Große Gr.39-46
601	DOC DR. MARTENS " SNEAKER " 3A58 RED
602	Puma CARINA L Jr Damen Mädchen Streetstyle Sneaker Sportschuhe Freizeitschuhe
603	Nike Air Max 1 " Attack Pack " Sport Red
604	** ADIDAS HERREN SNEAKER MALE GR . 43 1/2 **
605	FILA Venom V94M Low Herren Sneaker 1010572.20 Z Schuhe Retro Turnschuhe NEU
606	SKECHERS " ARCH FIT S-MILES MILE MAKERS " DAMEN TURNSCHUHE SNEAKER GR . 36 WEISS
607	Schuhe FILA Gr . 42 NEU OP 44,99 € Sneaker
608	Puma Unisex Schuhe Sneaker Kreta 349240 09 Teak Chocolate Brown braun
609	KUSTOM SNEAKER CIARA DENIM
610	Adidas Sneakers Shoes Trainers Schuhe predator trainer 20.1 Weiß Herren
611	Naturläufer Sneaker schwarz Gr . 39 H , wie NEU , Leder Schnürschuh
612	Basketballschuhe Gr . 44,5 K1X Anti Gravity mid-cut Sneakers , blau hellblau cyan
613	Converse CTAS OX Chuck Schuhe Textil Sneaker Orange Rind 164937C
614	Original DDR Tramper Brombeer / Rot Klettis Blueser Schuhe Kletterschuhe Gr.38-47
615	Diadora x Lc23 N9000 Socks Terra SATURNO WILD DOVE NEU OVP UK10 44,5 MEGA !!!
616	TOMMY HILFIGER Damen Schuhe Customize Flatform Sneaker blau blue Leder Gr 41
617	Timberland Skape Park Boat Canvas Bootsschuh Sneaker Schuhe Grau Grün Herren Men
618	Pantofola d‘Oro Herren Leder Sneaker , Größe 43 , braun blau gebr . Top Zustand
619	Nike Zoom Freak 1 Basketballschuhe Neu Gr . 43 ( BQ5422-004 ) Giannis Antetokounmpo
620	Herren Sneaker Knöchelschuhe NEU High Top Basketballschuhe Sneaker Gr.41-46 2627
621	Puma Vikky Damen Schuhe Sneaker Turnschuhe 362624 ( Dusty Coral-White 30 )
622	Veja - V-10 Extra White / Jaune Fluo Halbschuhe Schuhe
623	ORIGINAL ADIDAS FOREST GROVE J DAMEN EG8958 TURNSCHUHE SNEAKER FITNESS SCHWARZ
624	Brütting Diamond Classic V Erwachsenen Sportschuhe
625	Herren Laufschuhe Stricken Atmungsaktiv Sportschuhe Sneaker Turnschuhe Freizeit
626	Ganter Damen Sneaker Freizeitschuhe Halbschuhe Slip On Comfort Grau Gr . 41 ( UK7 )
627	Eleven Paris Bascan Schuh navy wash
628	Nike Air Jordan 1 Mid GS Sonics Sneaker | 554725-371 | Verschiedene Größen ✅
629	Nike Damen WMNS Atsuma Weißer Syntetik / Textil Sneaker
630	Puma Flyer Runner Damen Laufschuhe , Peach / White , Gr , 37,5-42
631	Mizuno Wave Prophecy 8 Schwarz / Schwarz / Drkshadow Herren J1GC190010
632	Nike Sneaker Gr 39
633	adidas UNIVERSAL Schuhe Sneaker Sport Weiß vintage rar Gr . 41 1/3
634	10 Paar Zweigut ® Schuhe B - Ware da teilweise einmal getragen mit kleinen Fehlern
635	Skechers Sneaker Low Equalizer 3.0 Charcoal / Schwarz Textil Normal Herren
636	Brooks Ghost 13 Goretex Herren Laufschuhe Schwarz Atmungsaktiv Sneakers
637	Emerica Originals " Marc Johnson " Re-Release Größe 42
638	New Balance 574 Sneaker low Halbschuh Schnürschuhe Schuhe Leder Mesh Gummisohle
639	Puma Smash v2 Sportschuhe in Übergrößen Blau 364989 04 große Herrenschuhe
640	adidas micropacer Größe US 11,5 weiß
641	PUMA R78 Sneaker Herren Freizeitschuhe Turnschuhe Sportschuhe Retro 373117
642	LICO Freizeit Trekking Wandern " SIERRA " schwarz / lemon Gr . 40 - 47
643	NEW LV Louis Vuitton x Virgil Abloh x Nike Airforce AirForce 1 9.5
644	Asics Herren Gel-Venture 8 Trail Turnschuhe Laufschuhe Sneaker Blau
645	Herrenschuhe Running Freizeitschuhe Sneaker Sportschuhe Turnschuhe Laufschuhe DE
646	New Balance NB M 991 MSU - US 12 - EUR 46,5 - TOP - unbenutzt ! NEU in bordeaux !
647	Tommy Hilfiger Lightweight Corporate Herren Sneaker Blau FM0FM02661-DW5 Schuhe
648	892945 Damen Plateau Sneaker Schnürer Stoffschuhe Sneakers Schuhe
649	Nike Air Penny 3 III Foamposite Jordan
650	Art 332 Sneaker Turnschuhe Schuhe Sportschuhe Neu Damen
651	Skechers Empire - Sharp Thinking Damen Sneaker Schuhe 12418 ( Schwarz / Grau-BKCC )
652	adidas X UNDEFEATED GSG9 Sneaker OliCar / LGrey / Orange G26650
653	Reebok Pump Supreme CN1236 Herren Damen Sport Sneaker Schuhe Unisex Laufschuhe
654	PUMA Carina 368879 Damen Sneaker Turnschuhe Knöchel Freizeitschuhe Mehrfarbig
655	Converse Chucks Chuck Taylor All Star Dainty New Comfort Damen-Sneaker Schwarz
656	Neuwertiger YOUR TURN Sneaker Winter , Herbst Schuhe , Boots Sport Schnürer Gr . 44
657	adidas Turnschuhe NMD R2 PK Schuh CQ2400 Core Black White Prime Knit reduziert !!
658	Damenschuhe Sneaker Sportschuhe Turnschuhe Laufschuhe Blau Fuchsia Neu
659	Nike Air Jordan Mars 270 Basketballschuhe Neu Gr . 44,5 ( CD7070-100 )
660	Gabor Sneaker Gr 39 Weiss Wie Neu
661	Fila Amore Damen Pink White Leder & Textil Sneaker Mode
662	Fila Disruptor II Patches White Leather Lace Up Womens Trainers 5FM00538 100
663	Adidas NMD Racer PK Primknit Damen Sneaker Turnschuhe blau CQ2032 Gr 36 - 38 NEU
664	Adidas NMD R1 Sneaker Turnschuhe Schuhe Goodbye schwarz FV8732 Gr . 36 - 47 NEU
665	adidas originals NMD_R1W Boost Freizeitschuhe BB6367 Sneaker purple dunkellila
666	Nike Air Max Axis ( W ) Damen Sneaker Weiß AA2168-100 Sport Fitness Freizeit Schuh
667	Converse Chuck Taylor All Star Unisex Sneaker Schuhe Distressed Low Grün 169779c
668	Asics Gel Lyte III Herren Sportschuhe Sneaker EUR 42 1/2 Nr . 1-R-725
669	Neu SKECHERS Flex Appeal 4.0 Fresh Move Sneakers Low 20932230 für Damen
670	Nike Air Jordan 1 Mid White Racer Blue ( GS ) | NEU ✅ | OVP ✅ | GEWERBLICH ✅ |
671	Nike MD Runner 2 ( 749794-010 )
672	Turnschuhe Hallenschuhe Sportschuhe Sneaker Schwarz Blau 18533 Neu 36-46
673	Puma Trinomic XT-1 + Wn 's capri breeze Schuhe Größenauswahl
674	adidas FOREST HILLS Schuhe
675	NEU SKECHERS Damen Sneakers Turnschuhe Walking Slip On YOU DEFINE Pink
676	Jomos 315201 , leichter , komfortabler Schnürschuh ** Übergröße **
677	Giesswein Merino Runners , 41 , blau , Herrensneaker , 1A Zustand !
678	NEU SKECHERS Damen Sneakers GO WALK LITE-SPARKLES Halbschuhe Ballerinas Slipper
679	FILA Sneakers Damen Freizeitschuhe Turnschuhe Gr . DE 37 Kunstleder gelb #dce 5497
680	Waldläufer , Damen Gesundheit Schuhe - Bequem Schuh , Olivengrün / Braun
681	Asics Herren Gel-Venture 8 Trail Turnschuhe Laufschuhe Sneaker Grün
682	REEBOK SnEakErs PINK ähnlich ChUcKs ScHuH Stiefel Damen Gr . 36 37 38 39 40 41 42
683	SKECHERS Glide-Step Fasten Up 232136 / NVBK Herren Sneaker Sportschuhe Laufschuhe
684	Columbia Redmond III BM0169033 Wasserdichte Wanderschuhe Turnschuhe Herren
685	New Balance Herren Fresh Foam Hierro v6 Trail Turnschuhe Laufschuhe Sneaker
686	Candice Cooper Rock Strap 01 tortora ( taupe ) Tamponato ( Kalbleder ) Base bianco
687	Ecco Soft 7 Damen Sneaker 43000301708
688	adidas Originals ZX 8000 Aqua Herren Sneaker , Sportschuhe , Turnschuhe , Gr . 40
689	Nike SB Charge Canvas Sneaker CD6279-002 Schuhe Turnschuhe SALE Schwarz Weiß
690	NIKE FRee RN Running 2017 Neu Gunsmoke Grau Neu Gr .36 US :5,5 presto moire
691	Waldläufer Damenschuhe Mokassins Sneaker Slipper Grau Leder Weite H Neu
692	Nike Downshifter 10 CI9981-002
693	CITY WALK SNEAKER GR .37,39,40 NEU DAMENSCHUHE SCHNÜRER HALBSCHUHE
694	New Balance MS237SA grau / hellblau / dunkelblau , Herren Sneaker , NEU im Karton
695	Damen Plateau Sneaker Turnschuhe Schnürer Basic Plateauschuhe 825911 Schuhe
696	HERREN SCHUHE SNEAKERS NEW BALANCE [ ML373CO2 ]
697	Adidas Originals Hand-Burg Spzl Handball Hamburg Spezial Neu 44 2/3 UK 10
698	Adidas EQT Equipment Support 2005 44 2/3 neu ZX 8000 zx 9000 guidance cushion
699	Skechers Sport Dynamight 2.0 IN A FLASH Damen Air Cooled Slip on Sneaker schwarz
700	DOLOMITE DOL 54 Duffle Shoe Leichtwanderschuh Sneakers Freizeitschuhe
701	Converse Chuck Taylor All Star Unisex Sneaker Schuhe Archive Reptile 170104C
702	Skechers Sport Womens GRACEFUL GET CONNECTED WIDE FIT Sneakers Damen Schwarz
703	Unisex Schwarz Blau 2022Vans Old Skool Sneaker Skate viele Farben Gr.35-45
704	Herren Schuhe adidas TERREX FOLGIAN HIKE FV6823
705	NEU SKECHERS Damen Fitness Sneakers Slipper Loafer GO WALK 4 - INSPIRE Schwarz
706	Puma AXIS Plus 90s Unisex Fitnessschuhe Sneaker Turnschuhe 370287 White SALE
707	DOLCE & GABBANA Leder Wildleder Low Top Sneaker Schuhe NIGERIA Weiß Gold 08858
708	adidas Damen Freizeit-Fitness-Schuhe Trendschuhe Sneaker Grand COURT weiß blau
709	NIKE ROSHE ONE DMB BRIGHT CRIMSON LTD 37.5-42 NEU160 € rosheone rosherun free 5.0
710	Vans Unisex Kinder Ward V-Velcro Canvas Sneaker
711	Adidas NMD R1 schwarz günstig neu
712	Adidas Ultra Boost 20 Sneaker Laufschuhe Turnschuhe Schuhe blau EG0758 NEU
713	Adidas High Top Sneaker 424 Turnschuhe Superstar Allround
714	Nike SB Dunk Low Pro Parra EU44 US10 Sneaker Schuh Fashion Sportschuh sportlich
715	New Balance M1300JP3 + ML574GYC Bundle Pack new in box US 12 UK 11,5 , EUR 46,5
716	TIMBERLAND ROZARI OXFORD HOOK & LOOP 36-37 .5 NEU120 € classic earthkeeper sneaker
717	s.Oliver Sneaker 24635 Damen Freizeit Schuhe Slipper slip on bequem SOFT FOAM
718	NIKE AIR MAX 93 HERREN SCHUHE SNEAKER FREIZEITSCHUHE WEIß Blau 306551 100
719	H.I.S Herren Schuhe Sneaker Freizeitschuh Schnürschuhe Blau
720	PUMA Suede Classic Cat Herren Sneaker Turnschuhe Blau Blue Gr . 40 - 41 NEU
721	Djinns nice Harris Tweed Herrenshuh Sneaker Schuhe 50532
722	Puma Shuffle Unisex Sneaker | Turnschuh | Sportschuh | Textil , Synthetik - NEU
723	Neue Louis Vuitton Nike Air Force 1 Sneaker by Virgil Abloh , Gr . 9,5 Limitiert
724	Onitsuka Tiger Mexico 66 Turnschuhe Schwarz Wildleder Zehen Weiß ASICS Leder
725	Adidas GAZELLE BB5476 Herren Turnschuhe Sneaker Schwarz Leder Originals Gr 42-46
726	Nike Air Max 200 weiß / grau / blau / orange Herren Sneaker CT1262-001
727	New Balance Damen Sneaker 500 819941-50
728	Nike Tanjun , leichte Sport-Sneaker , Blau / Weiß , Herrenschuhe * Übergröße *
729	Nike Air Max 97 Gr .40 M Sneaker Schuhe BV1985 001 Retro Schuhe Damen Herren Runn
730	Lacoste Europa Herren Sneaker low Glattleder sportiv Muster Uni Sohle flexibel
731	Nike Venture Runner Herren Sneaker Turnschuhe Sportschuhe CK2944-009
732	Damen - Leinen - Knöchelschuh Magnus Gr . 34 - 39
733	Damen Sneakers Metallic Prints Sportschuhe Schnürschuhe 814851 Schuhe
734	New Balance ML574 Utility weiß U574TE2 Low-Top Sneakers Freizeitschuhe Sneaker
735	Converse 159628C Ctas ULTRA MID Leder Lite Schuhe Sneaker Boots 45 46 Weiß Schwa
736	Nike Air Jordan 1 Low | White Black Grey Shadow | Neu | 44 | Weiß Grau
737	ON Running Cloud 5 Damen Sneaker Schwarz 59.98905 Sport Schuhe Laufschuhe NEU
738	ORIGINAL ADIDAS VS PACE DA9997 HERREN TURNSCHUHE LAUFEN FITNESS SPORT WEISS
739	adidas NMD R1 V2 H01485 Schwarz Black Sneaker Turnschuhe Herren Sport Originals
740	NEU mit Karton , Nike Dunk Low Retro White Black - EU 38,5 ✅
741	Adidas Neo Cf QT Racer Cloudfoam Memory Foam Sneakers Sportschuhe 7.5 9 41
742	New Balance Lifestyle GM500CR1 Moonbeam Herren Sport Freizeit Fashion Sneaker
743	IMAC Damen Sneakers Leder Textil Schuhe taupe Schnürung Gr 39 40 41 42 NEU R141
744	New Balance CM997HVN gelb / grün , Herren Sneaker , NEU im Karton
745	Converse Chucks in 49 . Gay Destroyed Abgerockt Used . Für Liebhaber geeignet
746	Onitsuka Tiger Mexico 66 Damen Cream Cozy Pink Schuhe Sneaker Beige Rosa Orange
747	New Balance ML574ER2 Herren Sneaker Freizeitschuhe Sportschuhe Rot Wildleder
748	Nike Odyssey React 2 Flyknit Damen Laufschuhe Sneaker Turnschuhe AH1016 500
749	PUMA Herren Sneaker Erupter puma black
750	nike lunar vengeance Terra + 42 43 44 44,5 Dead Stock 429860 001 vortex epic acg
751	Skechers Flex Appeal Sneaker | schwarz / gold | Memory Foam | Größe 43
752	Nike Air Zoom Pegasus 37 Herren Jogging Schuhe Neu Laufschuhe Schwarz Pegasus 37
753	adidas Originals 90er-Jahre Schuhe coole Herren Retro-Sneaker Yung-1 Grün
754	Adidas Gazelle Herren Sneaker low Turnschuhe Sportschuhe Freizeitschuhe
755	Asics Gel Lyte III 3 Purple Black H5V0L 3390 ( Größe 41,5-45 )
756	Original NIKE AIR HUARACHE RUN Sneaker , blau , Größe 37 ( 40 ) - TOP !
757	Rieker Antistress Damen Ballerinas Slipper Halbschuh Slip ON Comfort Blau Gr . 41
758	Adidas Sportschuh , Sneaker , 3 Male getragen , absolut neuwertig
759	Nike Air Jordan 1 Mid GS Sonic | verschiedene Größen | New & Ungetragen ✅
760	DIESEL EXPOSURE 00Y833 PR052 T8013 Herren Sneaker Stiefel Schuhe Men Shoes MOR
761	Gorilla Wear Perry High Tops Pro -- Black / Gray Camo SALE
762	Converse Chucks All Star OX Größe 40 Red Rot M9696C Neu Mega angesagt
763	4F OAK Lifestyle Sneaker aus Leder für Herren D4L22-OBML200-24S
764	adidas D.O.N. Issue 2 Donovan Mitchell - FW8517 Herren Basketball Schuhe Sneaker
765	Fila Damenschuh weiß Gr . 39 , kaum getragen
766	CANVAS Gothic Unisex Stoffschuh BROKAT , Skull Stickerei ( schwarz )
767	Lonsdale Herren Turnschuhe Sportschuhe Sneaker Laufschuhe Casual Camden 054
768	air force one weiß
769	Vivobarefoot Herren Trainer Primus Swimrun FG Foldable Lace-Up Running Mesh
770	adidas Originals x Alexander Wang Futureshell Sneaker Triple Black EE9027 Unisex
771	adidas Yeezy Boost 350 V2 Dessert Sage | US 12.5 | EU 47.5 | FX9035
772	New Balance CW997HBF
773	Reebok Herren Schuhe Work N Cushion 3.0 Herrenschuhe Sneaker Turnschuhe
774	Converse C Taylor All Star HI Chuck Schuhe Sneaker Lightweight Nylon grün
775	Herren Sneaker Hi-Top Segeltuch verschiedene Farben Blau Schwarz Freizeit-Schuh
776	Under Armour Mojo 2 3024134-102 Herren Sneaker Sportschuhe Freizeitschuhe
777	Herren Damen Schnürer Cut Out Sportschuhe Bequeme Sneaker 833723 Schuhe
778	Puma ST Runner v2 Full L Herren SneakerSchnürschuh Halbschuh Sommerschuh Schuhe
779	US 9 / UK 8,5 / EU 42,5 - On Cloud Nova Running - 2.699.823
780	Rieker Damen Sneaker gelb Gr.37-42 L2820-68 ANTISTRESS
781	NIKE iD | KOBE AD | EXODUS | AQ3740-991 | EU43 UK8 .5 US9 .5
782	Nike Dunk Low Green Glow ( Womens ) Sneaker in verschiedenen Größen
783	Nike Air Max 97 ( BG ) Gr . wählbar Neu & OVP AR0018 001
784	NEU SKECHERS Damen Sneakers D'LITES - GLEEFUL Schwarz Winterstiefel Stiefel
785	Puma Ralph Sampson 70 Mid Archive Herren Sneaker Leder Weiß 374961-03 Schuhe NEU
786	Nike Air Max ST Running Trainers 705003 104 Sneakers ( 37,5 )
787	Adidas Handball Kreft Spezial blau weiß Herren Low-Top Sneakers Wildleder NEU
788	Boxfresh Schuhe Sparko FABB chambry grey